"job_id","title","company","location","description","url","source","scraped_at"
"62fe0ceb77256d87c03737825c3c9645e8fd4e27f28a9517dc2f65f626272c26","Tech Lead, LLM & Generative AI (Full Remote - Europe)","jobgether","European Economic AreaSecurity & IT – IT /Full-time /Remote","","https://jobs.lever.co/jobgether/e058e92e-c57f-45f2-bf81-cec5d3117361","lever","2025-12-18T15:28:20.936699+00:00"
"ae24dc5a2a24f7335d17bf86b2b4ee2d735e965162a28e22070424ed775b2b09","Senior Data Scientist / AI Consultant - Fully remote (Europe)","jobgether","European Economic AreaSecurity & IT – IT /Full-time /Remote","","https://jobs.lever.co/jobgether/00e9d8e5-db8e-4181-9050-6128529a7b88","lever","2025-12-18T15:28:20.936699+00:00"
"01f76a5dcc77e186242166c85374033892e2d542e6ae3a6b31c6b917964c82d2","Senior AI/ML Research Engineer (Remote from Ireland)","jobgether","IrelandSecurity & IT – IT /Full-time /Remote","","https://jobs.lever.co/jobgether/aa581ee7-775e-4c7e-8f5f-2415d1960fca","lever","2025-12-18T15:28:20.936699+00:00"
"74d11b4a46dd2ff5474ed61bbad17aae9d913b4472c544aa98890430d1254100","Jobgether - Lead Applied AI Engineer, Europe Remote","jobgether","European Economic AreaSecurity & IT – IT /Full-time /Remote","","https://jobs.lever.co/jobgether/b946a68c-dddb-4498-a2df-444f47ac8af6","lever","2025-12-18T15:28:20.936699+00:00"
"d23dc316872203eb7c680b7ac3079bf6437d16dbab311e4108c1f97f2c211790","Jobgether - Staff Product Manager, AI [gn] Europe","jobgether","European Economic AreaResearch & Development – Product /Full-time /Remote","","https://jobs.lever.co/jobgether/4b75fa12-a30f-4d63-9922-add837da8d46","lever","2025-12-18T15:54:00.688355+00:00"
"fce10ad140b20eb9b34a2cb9caffdc9f4a2f69e8153cc77fc2f07fc39f6cc3f4","Senior AI Engineer (Europe) - Jobgether","jobgether","European Economic AreaSecurity & IT – IT /Full-time /Remote","","https://jobs.lever.co/jobgether/7d6ad39f-0054-4162-aaec-d0a69f4f6d83","lever","2025-12-18T15:54:00.688355+00:00"
"aea92b10f9b5ae0667ab5c75f632ad382cbe2c1885ea67eed7e71bb6de264c8b","AI Machine Learning R&D Engineer - Welocalize","welocalize","Spain /Italy /Greece /United Kingdom /Romania /France /Lisbon, Portugal /Estonia /Dublin, Ireland /Czech Republic /Croatia /Germany /Poland /Hungary /BulgariaCorporate – Technology /Full Time /Remote","","https://jobs.lever.co/welocalize/c0df04a2-8e58-4f9b-9916-bf03fb2e87a6","lever","2025-12-18T15:54:00.688355+00:00"
"df77549f626c494df25f0563d8393364e6990d36faa0fd4d2f8ce16ea43655a5","AI Engineer - FDE (Forward Deployed Engineer)","Unknown","","AI Engineer - FDE (Forward Deployed Engineer) (ALL LEVELS) Req ID: CSQ127R84 Mission The AI Forward Deployed Engineering (AI FDE) team is a highly specialised customer-facing AI team at Databricks. We deliver professional services engagements to help our customers build and productionize first-of-its-kind AI applications. We work cross-functionally to shape long-term strategic priorities and initiatives alongside engineering, product, and developer relations, as well as support internal subject matter expert (SME) teams. We view our team as an ensemble: we look for individuals with strong, unique specialisations to improve the overall strength of the team. This team is the right fit for you if you love working with customers, teammates, and fueling your curiosity for the latest trends in GenAI, LLMOps, and ML more broadly. We welcome remote applicants located near our offices. The preferred locations (in priority order) are London (UK), Munich (Germany), Paris (France), and Amsterdam (NL). The impact you will have: Develop cutting-edge GenAI solutions, incorporating the latest techniques from our Mosaic AI research to solve customer problems Own production rollouts of consumer and internally facing GenAI applications Serve as a trusted technical advisor to customers across a variety of domains Present at conferences such as Data + AI Summit, recognized as a thought leader internally and externally Collaborate cross-functionally with the product and engineering teams to influence priorities and shape the product roadmap What we look for: Experience building GenAI applications, including RAG, multi-agent systems, Text2SQL, fine-tuning, etc., with tools such as HuggingFace, LangChain, and DSPy Expertise in deploying production-grade GenAI applications, including evaluation and optimizations Extensive years of hands-on industry data science experience, leveraging common machine learning and data science tools, i.e. pandas, scikit-learn, PyTorch, etc. Experience building production-grade machine learning deployments on AWS, Azure, or GCP Graduate degree in a quantitative discipline (Computer Science, Engineering, Statistics, Operations Research, etc.) or equivalent practical experience Experience communicating and/or teaching technical concepts to non-technical and technical audiences alike Passion for collaboration, life-long learning, and driving business value through AI [Preferred] Experience using the Databricks Intelligence Platform and Apache Spark™ to process large-scale distributed datasets We require fluency in English and welcome candidates who also speak French or German About Databricks Databricks is the data and AI company. More than 10,000 organizations worldwide — including Comcast, Condé Nast, Grammarly, and over 50% of the Fortune 500 — rely on the Databricks Data Intelligence Platform to unify and democratize data, analytics and AI. Databricks is headquartered in San Francisco, with offices around the globe and was founded by the original creators of Lakehouse, Apache Spark™, Delta Lake and MLflow. To learn more, follow Databricks on Twitter , LinkedIn and Facebook . Benefits At Databricks, we strive to provide comprehensive benefits and perks that meet the needs of all of our employees. For specific details on the benefits offered in your region, please visit https://www.mybenefitsnow.com/databricks . Our Commitment to Diversity and Inclusion At Databricks, we are committed to fostering a diverse and inclusive culture where everyone can excel. We take great","https://boards.greenhouse.io/databricks/jobs/8228759002","greenhouse","2025-12-18T15:54:00.688355+00:00"
"9eeb10b5e31550c534820fad66dd27d222baeaa92368199dc990e76547beb2d7","Open Positions","Unknown","","Open Positions At Samsara, our mission is to build a safer, smarter, more sustainable world. Join us to make a lasting impact. Filter by departments AI & Data 0 jobs Account Development Representative 0 jobs Business Systems 0 jobs Business Technology 0 jobs Business Value & Strategy 0 jobs Corporate Accounting 0 jobs Corporate Marketing 0 jobs Customer Success 18 jobs EU Sales 0 jobs Early Career 0 jobs Engineering Support 0 jobs Enterprise Sales 0 jobs Finance 0 jobs Fulfillment Operations 0 jobs G&A Exec Admin 0 jobs Growth Marketing 0 jobs Hardware Engineering 0 jobs Hardware Product Management 0 jobs Hardware Quality 0 jobs IT Security 0 jobs Information Technology 0 jobs Inside Sales 0 jobs Internal Audit 0 jobs Legal 0 jobs Marketing Systems & Intelligence 0 jobs Operations Management 0 jobs Operations 0 jobs Partner Sales 0 jobs Payroll and Equity 0 jobs People Experience 0 jobs People 0 jobs Platform 0 jobs Product Marketing 0 jobs Product 0 jobs Recruiting 0 jobs Renewals 0 jobs STCE Hardware & Firmware 0 jobs STCE 0 jobs Safety Review 0 jobs Safety 0 jobs Sales Engineering 10 jobs Sales Exec Admin 0 jobs Sales Operations & Strategy 0 jobs Sales Strategy 0 jobs Sales 178 jobs Software Engineering 0 jobs Support 0 jobs TPM QE Ops & Enablement 0 jobs Telematics 0 jobs Workforce 0 jobs Workplace 0 jobs locations Atlanta, GA (7 jobs) Atlanta, GA; Phoenix, AZ (1 job) Atlanta, Georgia, United States (1 job) Austin, TX (2 jobs) Baltimore, MD (2 jobs) Bengaluru - BLR1 (0 jobs) Bengaluru - BLR1; Remote - Bengaluru (0 jobs) Bengaluru, India (0 jobs) Boston, MA (3 jobs) CDMX3 (0 jobs) Calgary, Canada (1 job) Canada - Remote (2 jobs) Charleston, SC (1 job) Charleston, WV (1 job) Charlotte, NC (1 job) Chicago, IL (3 jobs) Columbia, SC (1 job) Columbus, OH (1 job) Dallas, TX (3 jobs) Denver, CO (2 jobs) Detroit, MI (0 jobs) Hartford, CT (1 job) Houston, Texas (3 jobs) Indianapolis, IN (0 jobs) Jacksonville, FL (1 job) London - UK2 (0 jobs) London, England, United Kingdom (1 job) London, UK (1 job) Los Angeles, CA (2 jobs) Louisville, KY (1 job) Mexico City, Mexico (1 job) Miami, FL (2 jobs) Milwaukee, WI (1 job) Minneapolis, MN (2 jobs) Montreal, Québec (2 jobs) NYC, NY (2 jobs) Nashville, TN (1 job) Orlando, FL (1 job) Philadelphia, PA (1 job) Philadelphia, Pennsylvania, United States (1 job) Phoenix, AZ (2 jobs) Phoenix, Arizona (1 job) Phoenix, Arizona, United States (1 job) Portland, OR (1 job) Providence, RI (1 job) Québec City, Québec (1 job) Raleigh, NC (1 job) Remote - AL (1 job) Remote - AR (1 job) Remote - AZ (4 jobs) Remote - Austin (1 job) Remote - Bengaluru (0 jobs) Remote - CA (7 jobs) Remote - CO (4 jobs) Remote - CT (1 job) Remote - Canada (4 jobs) Remote - Chicago (1 job) Remote - DC (1 job) Remote - DE (1 job) Remote","https://boards.greenhouse.io/samsara/jobs/7340568","greenhouse","2025-12-18T15:54:00.688355+00:00"
"5b617bd2275b19cd049d383d576452061fd421af144d1df331829f0552e87021","Senior AI Engineer","Unknown","","Back to jobs Senior AI Engineer London - Remote in the UK Apply About the Position As a Senior AI Engineer, you'll spearhead the development of LLM-powered products at the forefront of marketing and advertising technologies. Utilizing your expertise in machine learning, large language models, and natural language processing, you'll play a pivotal role in designing, implementing, and enhancing our range of AI-driven solutions. You'll hold direct responsibility for the LLM technology stack central to our product suite, collaborating closely with cross-functional teams, including application engineers, product managers, and designers, to deliver robust and innovative solutions that drive tangible business outcomes. This role presents an exciting opportunity to shape the future of AI-driven technologies and make meaningful contributions to real-world applications. The role is linked with our office in London, but we are flexible about hybrid or remote work in the UK. What You’ll Be Doing Lead the development, training, and fine-tuning of large language models and LLM-driven solutions to tackle intricate NLP tasks. Implement and refine a robust, scalable architecture in production environments to ensure optimal performance. Evaluate and enhance the performance of existing models to uphold the highest standards of accuracy, efficiency, and reliability. Proactively address challenges concerning data quality, bias mitigation, and model interpretability. Keep abreast of the latest advancements in NLP and AI research, conduct experiments, and prototype new ideas to push the boundaries of LLM capabilities. Collaborate closely with cross-functional teams, including software engineers and product managers, to conceptualize and shape innovative and impactful solutions. Provide mentorship to junior team members and cultivate a culture of collaboration and innovation. Continuously assess and integrate emerging technologies and best practices to enhance the effectiveness and efficiency of LLM-based solutions. Qualifications Previous experience in a similar role within the tech industry, with a deep understanding of the practical applications and challenges of deploying LLMs in real-world scenarios. Strong theoretical and practical knowledge of machine learning and NLP. Extensive experience with training and deploying machine learning models, particularly withing the NLP/LLM domain. Proficiency in Python, ML frameworks and tools. Strong analytical and problem-solving abilities. Experience with data preprocessing, feature engineering, and model evaluation techniques. Proven track record of driving innovation in AI and NLP projects. Ability to think outside the box and develop creative solutions to challenging problems. Excellent communication skills, with the ability to explain complex technical concepts to non-technical stakeholders. Demonstrated leadership experience, with the ability to guide and inspire a team. What We Offer A dynamic role at the forefront of AI marketing technology with ample opportunities for personal and professional growth. Unique opportunity to join on the ground floor of a fast-moving startup building at the center of AI. Tackle challenging problems while disrupting the $300BN legacy martech industry. Join an experienced team where you will have immediate ownership and impact. Competitive salary and bonus appropriate for experience and company stage. Significant equity package appropriate for company stage. Full medical, dental and vision benefits. PTO and remote work flexibility. About Bluefish Bluefish believes that AI","https://boards.greenhouse.io/bluefishai/jobs/5013860008","greenhouse","2025-12-18T15:54:00.688355+00:00"
"6aec51026ec21b740d53891c52ec02c83f28a90ef123e66a6659f180b5a5acd8","Machine Learning That Matters. Powered by You.","Unknown","","CAREERS Machine Learning That Matters. Powered by You. Building a diverse and inclusive environment. Make a Real Impact Whether you’re advancing sovereign AI capabilities, strengthening secure digital infrastructure, enabling mission-critical systems, or helping our teams and partners to flourish, your work at Mind Foundry directly supports the protection of the UK’s people and national interests. You’ll take on impactful challenges, develop deep expertise alongside exceptional colleagues, and contribute to a collaborative culture built on curiosity, integrity, and a shared sense of purpose. View our current openings Whilst we have made every effort to build a recruitment process that is fair, transparent and accessible, if you need any adjustments to your process, or have any feedback you would like to share with us regarding your experience, please contact recruitment@mindfoundry.ai . Intellectually curious We are rigorous in our scientific approach, innovative in our ideas, and never stop wanting to learn. Mission-driven We care deeply about using AI for good and strive to achieve the outcomes we all desire. Trustworthy We foster a culture of trust, act with integrity, and hold ourselves accountable to our peers and our customers. Mind Foundry at Women in Defence Forum Lt Gen Tom C-S CBE visiting Oxford Attending UDT Recruitment Scams & Suspicious Adverts Job and employment scams aim to trick you into handing over money or sensitive personal information by offering you jobs that do not exist, often claiming to be from a reputable organisation, like Mind Foundry. An employment scam can include being contacted by somebody claiming to be a Mind Foundry employee, or a recruitment consultant offering you a role at Mind Foundry via email, social media, SMS, WhatsApp, or on a job board, who may ask you to pass over personal details or financial information. Mind Foundry only processes applications for its roles through our website. If you’re ever in doubt about the authenticity of a message regarding a role at Mind Foundry, please contact recruitment@mindfoundry.ai to confirm. If you suspect you have been targeted by a scam or have exchanged any personal information with a suspected scammer, please contact Action Fraud , the UK’s national reporting centre for fraud and cybercrime. You can also report fraudulent text messages, emails, What'sApp messages and scams, please see the guidance on the National Cyber Security Centre website. The UK is a target for Foreign Intelligence Services that use a variety of methods to collect information that they believe will give them an advantage over the UK. You can see guidance on the NPSA's website regarding recognising suspicious adverts and recruiter behaviours to understand how you can protect yourself by reporting concerns and ceasing engagement if something doesn’t look right. Learn more about what drives us 8 min read Women in Defence & National Security Mind Foundry: Today, women are significantly underrepresented in Defence & National Security. This piece shares insights from some of the women at Mind Foundry... 5 min read International Day of Women and Girls in Science Mind Foundry: The International Day of","https://boards.greenhouse.io/mindfoundry","greenhouse","2025-12-18T15:54:00.688355+00:00"
"0d4ee376855a42b8afedd9c2e78230b297e7d7784fac163acbb4b2a50cfcb79f","Sr. Manager, AI Forward Deployed Engineering (FDE) – EMEA","Unknown","","CSQ426R241 The Forward Deployed AI Engineering (AI FDE) team is a highly specialized customer-facing AI team at Databricks. We deliver professional services (PS) engagements to help our customers build and productionize first of its kind AI applications with a focus on GenAI. We work cross-functionally to shape long-term strategic priorities and initiatives alongside AI/ML Product, Research, and Engineering. We are looking for a world-class leader to lead and grow our EMEA AI FDE team. In this role, you will lead customers on their AI/ML transformation with Databricks, push the boundaries of our product, recruit and develop top data scientists/machine learning engineers, and manage a portfolio of key EMEA accounts. You will report directly to the Head of EMEA AI FDE. This role can be remote in Europe, but the preference is for candidates to be near a major office location such as London, Amsterdam, Paris, or Munich. Candidates should expect to travel at least once a month. The impact you will have: Lead and scale a world-class AI/ML professional services team, including hiring, mentoring, and building a team structure to support long-term growth and execution at scale Develop and expand executive relationships with EMEA customers and partners (including VP+, CIO/CDO-level stakeholders), acting as a trusted advisor during complex technical engagements and AI transformations Align with Field Engineering and Sales Leaders to define joint strategies for strategic accounts and ensure strong delivery coordination across functions Lead strategic AI PS initiatives, practice development, and standardized delivery processes; design scalable engagement models and reusable solutions for repeatability across the global team Shape cross-functional collaboration by influencing Product, R&D, and GTM—ensuring voice-of-customer insights and delivery learnings help inform the product roadmap and GTM strategy Own OKRs for AI-services led accounts, revenue, utilization, and public references Represent Databricks as a thought leader in AI/ML What we look for: Extensive experience managing, hiring, and building a team of high-performing data scientists/ML engineers and leaders, with a track record of scaling organizations through developing scalable processes and cultivating leaders Ability to scope, guide, and sell technical engagements, manage escalations, and ensure successful delivery in enterprise environments Deep technical expertise in ML, GenAI, and data science, and curiosity to continue to stay up-to-date in this ever-changing field Experience leading teams building cutting-edge production ML solutions in cloud environments (AWS, Azure, or GCP) Proven success developing strategy with senior executive stakeholders to define program-level goals, align technical vision, and build trust throughout complex enterprise engagements Demonstrated experience in cross-functional leadership roles, collaborating with Sales, Product, and GTM teams to drive business impact through AI/ML “Company-first” mindset Graduate degree in a quantitative discipline (Computer Science, Engineering, Statistics, Operations Research, etc.) or equivalent practical experience Preferred: Experience in a customer-facing consulting or professional services leadership role Experience working with Databricks About Databricks Databricks is the data and AI company. More than 10,000 organizations worldwide — including Comcast, Condé Nast, Grammarly, and over 50% of the Fortune 500 — rely on the Databricks Data Intelligence Platform to unify and democratize data, analytics","https://boards.greenhouse.io/databricks/jobs/8189904002","greenhouse","2025-12-18T15:54:00.688355+00:00"
"fad6b185332d5c5b5e951a30fead214eebba875f9dc13ac0c8b00751154d81d7","Research Scientist Intern, Next-Gen Gameplay - Summer 2026 (Remote)","Unknown","","Internships Research Scientist Intern, Next-Gen Gameplay - Summer 2026 (Remote) Los Angeles, USA Job Id: 5966 Riot Research Scientists combine their wide technical expertise across data processing, automation, machine learning (""ML""), artificial intelligence (""AI""), and experimental design to inform decisions and develop robust research prototypes and inform data powered products. The Technology Research team performs applied research to accelerate the pace of building amazing player experiences at Riot Games. As a Research Scientist Intern on Tech Research, you’ll contribute to a research team whose focus is to leverage generative AI to augment, evolve, and even revolutionize game development pipelines and/or player experiences. To this end, you and your team will track the latest research in relevant areas, work closely with teams to prioritize the most promising research, build prototypes to highlight the value of new capabilities, and in certain cases partner with game teams to create robust and efficient production versions of your prototypes. Responsibilities: Partner with game teams and creators to shape the future of gameplay through next-generation technologies Collaborate with designers and engineers to prototype novel gameplay systems that blend player expression, AI behavior, and dynamic world interaction Investigate how large language models and simulation technologies can enable emergent, player-driven gameplay experiences Required Qualifications: Enrolled in a Ph.D., M.S. or undergraduate program in statistics, engineering, computer science, artificial intelligence, or a related quantitative field (math, physics, etc.) Graduating during the 2027 calendar year Available to work full-time hours for the 12 week internship duration Eligible to work in the country that you reside in during this remote program Experience in deep learning, including frameworks such as Tensorflow or PyTorch Experience processing data and build machine learning models using Python Experience in machine learning techniques Experience in statistical modeling and optimization Desired Qualifications: Understanding of distributed systems and concurrent programming Familiarity with cloud computing basics on AWS (EC2, S3) Experience working with Linux operating systems Experience in C++ and game development (Unreal, Unity, Godot) Experience with version control systems. (We use Git) Experience in large language models, diffusion models, neural radiance fields, or Gaussian splats Experience building and optimizing language model-powered agents (context engineering, ReAct, etc.) For this role, you'll find success through craft expertise, a collaborative spirit, and decision-making that prioritizes the delight of players. We will certainly be looking at your past studies and experience, but for this role, we also look for dedicated people with a personal relationship with games. If you embody player empathy and care about the experiences of players, this could be the role for you! Applications close Friday, January 9th, 2026 at 11:59pm PT Our Perks: Riot Internships are paid, and interns can also participate in our 401(k) plan. You can expect in-game perks, and the ability to participate in our Play Fund, so you can broaden and deepen your knowledge of our players and community through games. The University Programs team also invites you to intern focused events so you can connect with your fellow interns and Rioters to make the","https://boards.greenhouse.io/riotgames/jobs/7347922","greenhouse","2025-12-18T15:54:00.688355+00:00"
"f14869a92acc0622539abdc354662404b743bf06aa2a4179edada450ffb8f696","Talent Acquisition Specialist (6 Month Contract, Remote - Poland)","Unknown","","Back to jobs Talent Acquisition Specialist (6 Month Contract, Remote - Poland) Remote Apply Location: Remote (Based in Eastern Europe) Engagement: Independent Contractor Duration: Expected 6 months Who We Are TensorOps is a specialized consultancy dedicated to helping organizations accelerate their adoption of Artificial Intelligence and Machine Learning. We don’t just build models; we focus on MLOps, Cloud Engineering, and Generative AI , ensuring our clients can take their AI initiatives from experimental research to scalable production environments. We partner with leading cloud providers (Google Cloud, AWS, Cloudflare) to solve complex infrastructure and engineering challenges. We are a team of engineers, architects, and innovators passionate about building the backbone of the next generation of AI. The Opportunity Our People Team is looking for a dedicated Talent Acquisition Specialist to identify, attract, and engage top-tier engineering talent to help TensorOps scale. As a key member of our team, you’ll be responsible for the end-to-end recruitment process—with a strong focus on proactive sourcing and prospecting—to build pipelines primarily for specialized technical roles (ML Engineers, MLOps, AI Architects) across Eastern Europe and Portugal. You’ll partner closely with technical hiring managers to deeply understand complex role requirements and drive outreach efforts that target both active and passive talent. You will play a crucial role in maintaining our high bar for engineering excellence while ensuring a diverse and inclusive hiring funnel. Responsibilities Full-Cycle Recruiting: Lead the hiring process for assigned technical and non-technical roles, moving candidates from application to offer. Proactive Sourcing: Locate and engage passive candidates using advanced sourcing techniques (LinkedIn Recruiter, GitHub, Stack Overflow, X-Ray), specifically targeting the Eastern European and Portugal tech market. Pipeline Building: Build and manage a robust pipeline of talent for niche roles in MLOps, GenAI, and Cloud Engineering. Hiring Manager Partnership: Build strong relationships with technical leads and partners to align on requirements and provide consultation on market trends. Candidate Experience: Ensure a seamless, transparent, and positive candidate experience through clear communication and timely feedback, reflecting TensorOps’ collaborative culture. AI & Reporting: Leverage AI, data to drive informed hiring decisions and provide weekly updates on pipeline health. Referral Culture: Foster internal engagement to encourage employee-driven talent referrals. Qualifications Experience: 2+ years of experience as an in-house recruiter or agency recruiter working with deep-tech or consultancy companies. Regional Expertise: Specific experience hiring for technical roles in Eastern Europe (Poland, Romania, Bulgaria, etc.) and Portugal . Technical Fluency: A strong ability to understand technical requirements (you know the difference between a Data Scientist and an ML Engineer) and hold credible conversations with engineering talent. Ownership: Hands-on experience managing the end-to-end hiring process, including writing JDs, scheduling, interviewing, and negotiating offers. Sourcing Skills: Proven track record of finding and activating passive candidates; you don't just rely on inbound applications. Tools: Proficiency with modern Applicant Tracking Systems (ATS) and sourcing tools. Communication: Outstanding verbal and written communication skills with Native/Fluent level English. Attitude: A self-starter who thrives in a remote-first, fast-paced environment. Bonus Points Experience specifically recruiting for AI, Machine Learning, or","https://boards.greenhouse.io/tensorops/jobs/4726470101","greenhouse","2025-12-18T15:54:00.688355+00:00"
"3760d7d72557791884405de9033f83ec61a278e4eed3083a9e7e18eb4ef14ef7","","Unknown","","Sr. AI Data Engineer (UK Remote) Full-time Company Description When you join Turnitin, you'll be welcomed into a company that is a recognized innovator in the global education space. For over 25 years, Turnitin has partnered with educational institutions to promote honesty, consistency, and fairness across all subject areas and assessment types. Over 21,000 academic institutions, publishers, and corporations use our services: Feedback Studio, Originality, Gradescope, ExamSoft, Similarity, and iThenticate. Experience a remote-centric culture that empowers you to work with purpose and accountability in a way that best suits you, supported by a comprehensive package that prioritizes your overall well-being. Our diverse community of colleagues are all unified by a shared desire to make a difference in education. Turnitin is a global organization with team members in over 35 countries including the United States, Mexico, United Kingdom, Australia, Japan, India, and the Philippines. Job Description AI and data science are integral to our success and ambitious product roadmap, and great AI begins with great data. Joining us as a Senior AI Data Engineer means you'll become part of a global team of proactive, supportive, and independent professionals committed to delivering sophisticated, well-structured AI and data systems. You’ll help pioneer our next generation data and AI pipelines to scale our team’s impact. Additionally, you'll collaborate with different teams within Turnitin to integrate AI and data science across a broad suite of products, designed to enhance learning, teaching, and academic integrity. Responsibilities Your role as a Senior AI Data Engineer encompasses the following key responsibilities: AI Data Infrastructure & Pipeline Management for Applied AI: Design, build, and operate scalable real-time data pipelines that support ongoing Applied AI model training. Deploy and maintain robust data infrastructure using AI techniques and engineering best practices to ensure continuous model improvement and deployment cycles. Data Collection: Execute initiatives for collecting, normalizing, and storing data across multiple sources, including external LLM providers. Collaboration: Partner with AI R&D, Applied AI, and Data Platform teams to ensure seamless data flow and quality standards. Partner with stakeholders to collect, curate, and catalog high-quality datasets that directly support Applied AI retraining workflows and business objectives. AI R&D Support: Provide secondary support to AI Research & Development efforts by applying advanced data warehousing and engineering technologies. Contribute to exploratory data initiatives that uncover insights from Turnitin's extensive data resources. Communication: Maintain clear communication channels across teams, ensuring alignment with company vision while sharing insights on data infrastructure needs and potential innovations. Technology Evolution: Stay current with emerging tools and methodologies in AI data engineering, bringing recommendations to enhance our AI data infrastructure and capabilities. Qualifications Required Qualifications: At least 4 years of experience in data engineering, ideally focused on AI/ML data infrastructure or enabling and accelerating AI R&D. Strong proficiency in Python, SQL, and Infrastructure as Code (Terraform, CloudFormation), with additional experience in modern orchestration frameworks (Airflow, Prefect, or dbt). Proficiency with cloud-native data platforms (AWS, Azure, GCP) and vector databases (Pinecone, Weaviate, Qdrant, or Chroma). Experience with MLOps tools and platforms","https://jobs.smartrecruiters.com/TurnitinLLC/744000080898823-sr-ai-data-engineer-uk-remote-","smartrecruiters","2025-12-18T15:54:00.688355+00:00"
"5cf856b61b0196835ad383d14bb67257a6e1c74bbb558699fa7519cd6c1cda51","","Unknown","","Director of Artificial Intelligence (AI) - Remote Full-time Shift: 1st Compensation: USD 175000 - USD 200000 - yearly Company Description Vericast is the financial institution (FI) performance partner. We help banks and credit unions drive growth, improve efficiency, increase engagement and navigate change through the power of data, technology and people. Our advanced analytics, data-driven insights and integrated solution set enable better execution with agility, precision and scale. That’s why thousands of financial institutions look to Vericast and our 150 years of financial services expertise to help them achieve more. Job Description The Director of Artificial Intelligence (AI) is a senior leadership role responsible for developing and executing the organization’s AI vision and strategy. This individual will oversee the design, deployment, and management of AI solutions across the enterprise, ensuring alignment with business objectives, ethical standards, and technological best practices. The Director will lead cross-functional teams, collaborate with stakeholders, and drive innovation in the field of AI to deliver impactful and scalable results. KEY DUTIES/RESPONSIBILITIES  Lead the design, development, and deployment of AI and machine learning solutions to optimize business processes and enhance products and services (30%)  Build, mentor, and manage a high-performing team of AI engineers, ML Ops Engineers, and Researchers (20%)  Collaborate in developing and implementing the overall AI strategy, roadmap, and governance for the organization (10%)  Collaborate with executive leadership and business units to identify opportunities for AI-driven innovation and efficiency (10%)  Oversee the selection and integration of AI technologies and platforms, ensuring scalability, reliability, and security (10%)  Help establish ethical guidelines and best practices for responsible AI development and deployment (5%)  Monitor emerging trends, technologies, and regulatory developments in AI and assess their impact on the organization (5%)  Manage partnerships with academic institutions, industry leaders, and technology vendors to advance the organization’s AI capabilities (5%)  Drive thought leadership through presentations, publications, and participation in industry forums (5%) Qualifications EDUCATION  Bachelor's Degree (Required). MS degree preferred.  Degree in a technical or numerical field with 5+ years of experience in Banking, FinTech or Marketing. EXPERIENCE  15+ years’ experience designing and developing various Applications and/or Data Engineering pipelines.  5+ years’ experience in leading Data engineers and App Developers and building Financial Services Solutions in big data infrastructure.  Experience in LangGraph, LangChain, RAG Chatbots, Vector Databases, NLP-based automation, MCP Server Development, Embedding-based Search, LLM Integration is required.  Experience in Microservices Architecture, Kubernetes, OpenShift, AWS and/or Azure, Spring Boot, Node.js, CI/CD, DevOps Automation, Cloud-Native Design is required.  Experience using Trino, Superset, Starburst SQL Server, ETL Tools, S3, Airflow, Iceberg, PySpark, Hive preferred.  Publications or patents in AI-related areas preferred.  Experience in Data Modeling, DB capacity/growth planning and SQL performance tuning.  Experience working in a global or multi-site environment. KNOWLEDGE/SKILLS/ABILITIES  Strong track record of developing and deploying AI solutions in a business setting. Expertise in machine learning frameworks, big data analytics, and cloud computing platforms.  Excellent leadership, communication, and interpersonal skills.","https://jobs.smartrecruiters.com/Vericast/744000094922122-director-of-artificial-intelligence-ai-remote","smartrecruiters","2025-12-18T15:54:00.688355+00:00"
"9a8398b4c6314f354b7616159afc28ddb63001275d136b6b294be2727a5e4a19","","Unknown","","Remote AI Digitalization Expert Full-time Workplace Type: Home Based Company Description MSX has been a trusted partner to leading vehicle manufacturers, their retailers, and mobility organizations globally for more than 30 years. Our unwavering commitment is to help our clients transform their businesses and effectively manage operations in the areas of: Sales Performance; Repair Optimization and Compliance; Parts and Accessories Sales Performance; and Consumer Engagement. With our global teams, industry expertise, and the power of technology, we design and deliver tailored, sustainable, and innovative solutions and services that help our clients optimize their operations and captivate their customers. Job Description At MSX you’ll be shaping how dealerships deliver exceptional customer experiences. You’ll have the autonomy to run your territory, the support of a collaborative team, and the satisfaction of knowing your work makes a measurable impact. If you’re energized by technology, enjoy helping others succeed, and want a career where every day is different, this role is for you. Make a Difference As a Implementation Specialist at MSX, you will be on the frontlines helping dealerships adopt and maximize technology, driving better customer satisfaction and operational efficiency across your region. This role is perfect for someone who loves building relationships, enjoys problem solving, and takes pride in helping teams succeed with new technology. What You’ll Do Be the expert: Guide dealerships through installation, training, and adoption of the FSR+ tool. Coach and mentor : Empower dealership staff to confidently use FSR+ and get the most out of it. Solve challenges : Listen, analyze feedback, and develop action plans that improve efficiency and performance. Build partnerships: Strengthen dealer relationships and align with Customer Experience teams to deliver a unified message. Leverage technology : Use Remote Experience tools and data-driven insights to drive utilization and success. Travel with purpose: Plan and manage your travel across your assigned dealer territory to maximize impact. Qualifications Degree in AI / Data Science, Engineering, Business Management, or a related field. Demonstrable experience applying AI/ML and digitalization solutions to real-world business problems, ideally within operational, automotive, or mobility industry contexts. Strong understanding of business processes in the automotive and mobility sectors, with the ability to translate customer and OEM needs into technical solutions. Experience engaging directly with customers and business stakeholders, with the ability to capture requirements and communicate complex technical concepts in business terms. Strong communication, problem-solving, and stakeholder management skills. Proven ability to deliver projects and translate technical insights into business value. Self-starter with the ability to work independently and as part of a dynamic, cross-functional team. Proficiency in Python and AI/ML frameworks (e.g., TensorFlow, PyTorch) is a plus. Additional Information MSX International is an Equal Employment Opportunity Employer committed to employing a diverse workforce. All qualified applicants will receive consideration for employment without regard to race, color, religion, sex, national origin, sexual orientation, gender identity, disability and protected veteran status, age, or any other characteristic protected by law. I'm interested I'm interested Privacy Policy Imprint","https://jobs.smartrecruiters.com/MSXInternational/3743990009873146-remote-ai-digitalization-expert","smartrecruiters","2025-12-18T15:54:00.688355+00:00"
"ef73a26266df49c5f9e6074bd6a63bff6fec9a7a0544224c978ab9158f252817","","Unknown","","AI/NLP Developer - Remote Full-time Company Description Are you ready to shape the future technological landscape in Europe? We are dedicated to responsible digitalization, building innovative, inclusive solutions that drive meaningful impact. With over 8,900 professionals across Europe, we help EU institutions, public and private organizations thrive in a rapidly evolving digital world. Are you ready to shape the future through technology? Your journey starts here. Take a look at some of our impactful projects here: https://netcompany.com/cases/ Job Description Are you ready to discover the role of an AI/NLP Developer in Netcompany? As an AI/NLP Developer, you will: Design and implement AI/NLP-based features (e.g. text summarization, classification, or chat assistants) using Azure AI / Copilot services. Develop and maintain .NET Core REST APIs and integrate them with Angular (v12+) front-end applications. Deploy and manage applications in Azure (App Services, Functions, Storage) following DevOps and CI/CD best practices. Ensure data security and compliance with EU data protection standards when handling sensitive documents. Contribute to Docker-based deployments, technical documentation, and collaboration within an Agile team. Qualifications What would make you a fit for the role: Master's degree with around 8 years of relevant experience or Bachelor's degree with around 10 years of relevant experience Experience with Angular (v12+) for frontend development Strong .NET Core (6+) and REST API design skills Hands-on experience with Azure (App Services, Functions, Storage) Knowledge of AI integration (Azure AI, Copilot, NLP APIs) Familiarity with Azure DevOps and CI/CD pipelines Understanding of Docker and secure data handling Excellent knowledge of English and knowledge of French would be considered an advantage Additional Information Being a part of the Netcompany team, you will be provided with: Opportunity to work in a modern environment. Competitive compensation & benefits package Hospitalization plan Hybrid working model Meal and commuting allowance Well-being activities (on premises) Continuous learning opportunities using the most modern methods (unlimited access to Udemy for Business, ad-hoc trainings) Personalized development plan for targeted career growth If you are looking forward to being part of a diverse environment and having the opportunity to work alongside well-experienced professionals, on challenging, large-scale projects that directly impact millions of citizens around the globe, then this is the place to be! By joining Netcompany Belgium , you will be an integral part of a distinguished team of 600+ tech enthusiasts working for international projects, primarily within the European Institutions market. Whether you're collaborating with clients on their premises or harnessing the power of cutting-edge technologies at our own facilities, you'll have the opportunity to shape the future of digital services in an environment that values your ideas and fosters your growth. #LI-MA1 Please upload your CV in English via the Apply button. All applications will be treated as strictly confidential. We ensure equal opportunities, treatment, and consideration to all candidates. Discrimination based on sex, racial or ethnic origin, religion or belief, disability, age, sexual orientation or marital status, physical or mental disability, or any other factor protected by applicable laws and regulations is prohibited. As part","https://jobs.smartrecruiters.com/Netcompany1/744000088507465-ai-nlp-developer-remote","smartrecruiters","2025-12-18T15:54:00.688355+00:00"
"cb78749b9ab0c83c245d025bd1215fc01549add6de139db3473a7e4e8b188da9","","Unknown","","Junior Machine Learning Engineer, Remote Full-time Employee Status: Regular Role Type: Home Job Posting - Salary Range: $63,964 - $110,872 Department: Technology Flexible Time Off: 15 Days Schedule: Full Time Shift: Day Shift Company Description Experian is a global data and technology company, powering opportunities for people and businesses around the world. We help to redefine lending practices, uncover and prevent fraud, simplify healthcare, create marketing solutions, and gain deeper insights into the automotive market, all using our unique combination of data, analytics and software. We also assist millions of people to accomplish their financial goals and help them save time and money. We operate across a range of markets, from financial services to healthcare, automotive, agribusiness, insurance, and many more industry segments. We invest in people and new advanced technologies to unlock the power of data. As a FTSE 100 Index company listed on the London Stock Exchange (EXPN), we have a team of 22,500 people across 32 countries. Our corporate headquarters are in Dublin, Ireland. Learn more at experianplc.com. Job Description Overview: Experian is looking for a Machine Learning Software Engineer to join the Experian Assistant team—a GenAI-powered platform that delivers intelligent automation, client engagement, and fraud detection capabilities. You will help build agentic workflows, improve prompt engineering strategies, and integrate the latest LLMs using SDKs like OpenAI's Responses API and Experian's internal Arabica SDK. You will report into the Engineering Director. Responsibilities: Architect agentic workflows allowing multi-agent orchestration across Experian Assistant features Design and improve prompts for LLMs, and analytics feedback systems Integrate and evaluate LLMs (e.g., GPT-4, GPT-5, Claude, Llama) for Assistant use cases including Code Advisor , Analytics Expert , and Data Tutor Collaborate with teams to implement latency-optimized solutions and support parallel model onboarding Contribute to deployment documentation and release planning using Confluence and internal PR tracking systems. Ensure code through automated testing, code reviews, and continuous integration pipelines. Maintain deployment pipelines and ensure testing for beta clients, including glossary expansion and sandbox integration #LI-Remote Qualifications Required Skills and Qualifications: Bachelor's degree in Computer Science, Machine Learning, or related field. 3+ years of experience in ML engineering or backend development with Python (3.8–3.12). Hands-on experience with LLM integration, prompt engineering, and agentic frameworks (e.g., OpenAI Responses API, LangChain). Experience with RESTful APIs, and microservices. Experience with DevOps best practices, including infrastructure as code, observability, and security. Knowledge of RBAC, audit logging, and version control for ML functions and libraries. Experience with AWS , Docker, and Kubernetes Additional Information Benefits/Perks: Great compensation package and bonus plan Core benefits including medical, dental, vision, and matching 401K Flexible work environment, ability to work remote, hybrid or in-office Flexible time off including volunteer time off, vacation, sick and 12-paid holidays Explore all our exciting benefits here: https://yourexperianbenefits.com/cand-index.html Our uniqueness is that we celebrate yours. Experian's culture and people are important differentiators. We take our people agenda very seriously and focus on what matters; DEI, work/life balance, development, authenticity, collaboration, wellness, reward & recognition, volunteering... the list goes on.","https://jobs.smartrecruiters.com/Experian/744000096542275-junior-machine-learning-engineer-remote","smartrecruiters","2025-12-18T15:54:00.688355+00:00"
"e995c67fc7f840239b7a5fe0d22851d50e18d709c0c6184d3ad5494c228197af","","Unknown","","Senior Solution Architect - k0rdent AI - Remote in the EU Full-time Company Description About Mirantis Mirantis is the Kubernetes-native AI infrastructure company, enabling organizations to build and operate scalable, secure, and sovereign infrastructure for modern AI, machine learning, and data-intensive applications. By combining open source innovation with deep expertise in Kubernetes orchestration, Mirantis empowers platform engineering teams to deliver composable, production-ready developer platforms across any environment—on-premises, in the cloud, at the edge, or in sovereign data centers. As enterprises navigate the growing complexity of AI-driven workloads, Mirantis delivers the automation, GPU orchestration, and policy-driven control needed to manage infrastructure with confidence and agility. Committed to open standards and freedom from lock-in, Mirantis ensures that customers retain full control of their infrastructure strategy. Job Description Mirantis is seeking an experienced and customer-focused Senior Solution Architect to join our dynamic client-facing technical team. You will develop trusted advisor relationships with prospects and customers by educating, presenting, demonstrating, and conducting POCs of Mirantis’ AI Infrastructure platform. This role offers the opportunity to work on ambitious, cutting-edge technology within the fast-evolving AI and cloud-native ecosystems. Responsibilities Partner with sales to support enterprise opportunities, and help customers understand the value of Mirantis’ industry-leading AI and Kubernetes-based solutions. Lead technical discovery sessions, demos, and proof-of-concept engagements with customers and partners. Translate customer requirements into solution architectures leveraging Mirantis’ products and best practices. Deliver engaging technical presentations and live demonstrations that showcase Mirantis’ platform capabilities, business value, and open-source innovation. Provide field feedback to influence product direction and go-to-market strategy. Serve as a trusted technical advisor – building and maintaining long-term relationships with client stakeholders while representing their needs within Mirantis. Represent Mirantis at industry events, conferences, and community meetups by delivering technical sessions, demonstrations, and thought leadership content. Qualifications 5+ years’ experience in a pre-sales, solutions architecture, or technical consulting role for cloud-native or enterprise software. A working knowledge of: Cloud infrastructure, including Kubernetes, OpenStack, Docker, microservices, and public cloud services (AWS, GCP, Azure) AI/ML infrastructure tools (e.g., Kubeflow, MLflow, NVIDIA AI), and how they integrate with cloud-native platforms DevOps and automation tools, including CI/CD pipelines Observability tooling, including open-source monitoring, logging, and alerting systems Strong understanding of the competitive landscape within the cloud infrastructure and open-source ecosystem. Track record of delivering outcomes for Fortune 500 clients and influencing senior IT/engineering leaders (CIO, CTO). Exceptional written, verbal, and presentation skills with the ability to communicate complex ideas clearly to technical and business audiences. Ability to travel to customer sites and events as needed. Preferred Qualifications Strong hands-on experience with Kubernetes, Docker, containers, virtualization technologies (vSphere, OpenStack), and leading public cloud platforms such as AWS, Google Cloud Platform, and Azure. Industry certifications (AWS, Azure, Kubernetes), especially Certified Kubernetes Administrator (CKA) Proven experience with enterprise-grade security, compliance, and regulatory frameworks. Comfortable operating in global, remote, and hybrid environments, with a demonstrated ability to manage complex projects across multiple teams and stakeholders. Soft Skills and Team Fit Proven problem-solving, consultative, and relationship-building skills. Entrepreneurial drive with a passion","https://jobs.smartrecruiters.com/Mirantis/744000092252811-senior-solution-architect-k0rdent-ai-remote-in-the-eu","smartrecruiters","2025-12-18T15:54:00.688355+00:00"
"57e3861270b8028ac612ecfc4ee3fa9ff955ff19616561db29e0e6f2e2d369b2","","Unknown","","Account Executive - k0rdent AI - Remote (EU) Full-time Company Description About Mirantis Mirantis is the Kubernetes-native AI infrastructure company, enabling organizations to build and operate scalable, secure, and sovereign infrastructure for modern AI, machine learning, and data-intensive applications. By combining open source innovation with deep expertise in Kubernetes orchestration, Mirantis empowers platform engineering teams to deliver composable, production-ready developer platforms across any environment—on-premises, in the cloud, at the edge, or in sovereign data centers. As enterprises navigate the growing complexity of AI-driven workloads, Mirantis delivers the automation, GPU orchestration, and policy-driven control needed to manage infrastructure with confidence and agility. Committed to open standards and freedom from lock-in, Mirantis ensures that customers retain full control of their infrastructure strategy. Job Description Mirantis is seeking a seasoned and consultative Enterprise Account Executive to lead new customer acquisition and strategic expansion across the United States. Join us at the forefront of the rapidly evolving AI infrastructure space, where Mirantis empowers both NeoClouds and enterprise organizations to accelerate their strategic missions to adopt, deploy, and scale AI-powered solutions. In this role, you’ll own the full sales cycle—from pipeline development to deal closure—navigating complex, multi-stakeholder engagements and building relationships with C-suite executives. You’ll work in close partnership with Sales Engineering to develop persuasive business cases that accelerate interest and adoption of Mirantis’ advanced AI platform. Responsibilities Develop and execute a strategic sales plan for your assigned territory, targeting high-potential accounts to consistently achieve pipeline growth and revenue goals. Implement tailored sales approaches to capture opportunities within the AI Infrastructure market, helping clients optimize their GPU investments for maximum return. Engage directly with customers to deeply understand their AI/ML requirements, relaying valuable insights to influence Mirantis’ product roadmap and ensure solutions align with evolving client needs. Become a trusted expert in AI Infrastructure, providing strategic insights and consulting to customers and partners that highlight the transformational value of Mirantis’ AI Infrastructure solutions. Conduct comprehensive discovery sessions to uncover complex business challenges and design tailored AI Infrastructure architectures that deliver impactful solutions. Navigate and manage intricate sales cycles from initial engagement through negotiation and closure, including drafting detailed Statements of Work (SOWs) for AI Infrastructure deployments. Lead negotiations of commercial terms and contractual agreements with key decision-makers to secure mutually beneficial outcomes. Qualifications 6+ years of closing experience in Sales with a track record as a top performer Ability to learn, pitch, and demonstrate a highly technical product, and have the ability to adapt in a fast-growing and changing environment Background and proven experience selling technical SaaS and cloud-based software solutions, especially infrastructure management solutions such as OpenStack, VMWare, and Kubernetes Experience building relationships and selling face-to-face to C-level executives Have clear examples of closing complex deals and selling into complex organizations Effectively use repeatable methods for uncovering and executing on greenfield opportunities Address technical objections and collaborate with internal teams to develop strategies that address customer challenges and accelerate deal success. Preferred Qualifications Bachelor’s or Master’s degree in Computer Science, Engineering, or a related","https://jobs.smartrecruiters.com/Mirantis/744000092281682--account-executive-k0rdent-ai-remote-eu-","smartrecruiters","2025-12-18T15:54:00.688355+00:00"
"342f6fb134a0b3b1c6e7b93cb6c8c949a3067ef18afee0576c8d65bbee893e3a","","Unknown","","Senior AI Engineer Full-time Company Description SmartRecruiters is the Recruiting AI Company that transforms hiring for the world’s leading enterprises. Built for global scale, SmartRecruiters, an SAP company, delivers an AI-powered hiring platform that automates and optimizes the entire talent acquisition process, ensuring faster and smarter hiring decisions. More than 4,000 companies, including Amazon, Visa, and McDonald's, rely on SmartRecruiters to build winning teams. In 2025, SmartRecruiters joined SAP, the global leader in enterprise applications. Together, SmartRecruiters and SAP are accelerating the reinvention of hiring by combining cutting-edge AI innovation with the scale, reach, and resources of SAP’s ecosystem. At SmartRecruiters, we are a values-driven, globally focused tech company with strong financial backing and a bold vision for the future of work. We commit and dig deep, embracing challenges with grit, curiosity, and a drive for excellence. We foster a collaborative and inclusive work environment, where trust and determination bring us together. Because together, we will win. Recognized by Fosway Industry Analysts as a strategic leader in recruitment technology for three consecutive years, and awarded by Comparably as a top company for Women, Perks and Benefits, Work-Life Balance, Happiness, Compensation, Diversity, and Culture - we take pride in creating a place where everyone can thrive. Our remote-friendly culture, competitive salaries, and strong internal mobility ensure that high performers have meaningful growth opportunities in an environment built on respect and empowerment. Job Description We are looking for a Senior AI Engineer to join our Chat Group, where we’re building the next generation of intelligent conversational systems for the recruiting industry. Our mission is bold yet simple: boost the efficiency of recruiting and hiring teams and deliver the most personalized experience ever - powered by cutting-edge ML, NLP, and agentic AI. You’ll play a central role in designing and developing agentic workflows, where autonomous AI agents collaborate, reason, and act to deliver intelligent and context-aware recruiting experiences at scale . At SmartRecruiters, you’ll be part of a global, high-impact team shaping how people connect with jobs. You’ll work with passionate peers across Germany, Poland, the UK, and the US - in a culture that values autonomy, innovation, and measurable outcomes. We’re not just building chat systems - we’re building the AI recruiting assistants of the future. What You’ll Do Architect and build agentic workflows that combine large language models, reasoning components, and data pipelines to create adaptive, goal-driven conversational systems Lead the design and development of advanced ML/NLP products, from ideation to production - including model training, evaluation, optimization, and deployment Drive experimentation with new approaches for agentic reasoning, coordination, and autonomous system design Collaborate closely with product and engineering teams to integrate intelligent agents into real-world recruiting workflows Guide technical decisions, mentor other engineers, and help define best practices for scalable, maintainable ML systems Contribute to the evolution of our NLP and conversational intelligence stack, focusing on reliability, personalization, and user impact Proactively identify opportunities to automate, improve, and innovate within our chat-based ecosystem Qualifications BSc or MSc in Computer Science,","https://jobs.smartrecruiters.com/smartrecruiters/744000095929456-senior-ai-engineer","smartrecruiters","2025-12-18T15:54:00.688355+00:00"
"4315cb525187cad3a63f2e129b0fbf073c12604da9b3be190f3f3f8a238d5ecb","","Unknown","","AI/ML Engineer Full-time Company Description We transform healthcare experiences through intelligent digital solutions. Tuotempo is the trusted patient engagement platform powering some of Europe and Latin America's leading healthcare institutions. Our innovative CRM system liberates medical professionals from administrative burdens so they can focus on their true passion: delivering exceptional patient care. Our cloud-based platform seamlessly orchestrates the entire patient journey—from initial appointment booking through omnichannel appointment management and extending to comprehensive follow-up care. The result? Streamlined operations for providers and a frictionless experience for patients. Discover how we're reshaping healthcare delivery at tuotempo.com 👀 🏠 Embrace flexibility with our remote-first culture: Work entirely remotely from Italy or Spain, or collaborate in-person at our vibrant hubs in Bologna or Barcelona—we believe in empowering you to work where you thrive! Job Description We are looking for an innovative AI/LLM Engineer to drive the advancement of our conversational AI capabilities. You'll join our Tech&Product team as an AI/LLM Engineer , focusing on prompt engineering, multi-agent orchestration, automated testing, and deploying integrations in production with LLM systems. You'll work closely with Backend Engineers to deliver world-class AI experiences to end users. What will you do? Core Development Design, optimize, and version prompts for production voice and chat LLM applications Architect and orchestrate multi-agent systems for complex conversations Build automated testing and validation frameworks for LLM outputs Implement prompt versioning, storage, and retrieval systems System Integration & Deployment Collaborate with Backend Engineers to deploy and scale LLM-based systems Integrate LLMs with communication APIs (Twilio, WhatsApp, ElevenLabs) Implement RAG (Retrieval-Augmented Generation) solutions and vector search for multilingual environments Monitor performance metrics and conversation quality Research & Innovation Research and prototype multi-agent frameworks (open-source and commercial) Experiment with cutting-edge conversational AI and real-time speech processing techniques Contribute to evolving the team's LLMOps best practices Continuously improve conversational quality, RAG pipelines, and reduce latency Qualifications Must have 2+ years hands-on experience with LLMs (OpenAI or similar, open-source models) Strong knowledge in prompt engineering and LLM optimization strategies Experience in evaluating LLMs, designing and running evaluation frameworks, creating test datasets, and defining success metrics Familiarity with automated testing pipelines, building CI/CD-integrated eval systems that run on every prompt change Experience in multi-agent architecture, from design to development of orchestration of complex LLM systems Good understanding of transformer architectures and proficiency in LLM frameworks such as LangChain, LlamaIndex, or similar frameworks Proficiency in Python Experience with RAG pipelines and vector databases Experience in cross-functional teams, ability to work in fast-moving environments where you own outcomes, not just tasks. You're comfortable with ambiguity and excited by the challenge of figuring things out. Nice to have Experience in healthcare industries LLM integration with voice platforms (Twilio, ElevenLabs) Background in conversational AI, chatbots, voice assistants Knowledge of real-time speech processing and multi-modal systems Functional programming principles and advanced NLP Exposure to OOP stacks (.NET, PHP) Understanding of security and privacy in conversational AI Additional Information ✨ What we offer: We value a healthy work-life balance and long-term growth. Benefits vary by location,","https://jobs.smartrecruiters.com/Docplanner/744000093681335-ai-ml-engineer","smartrecruiters","2025-12-18T15:54:00.688355+00:00"
"95038718a828ca0f8f8d7dee57004e316d547c3e15ff74097a48efc4de045b48","","Unknown","","AI Content Expert, Artificial General Intelligence Contract Company: Jobs for Humanity Company Description Seeking an AI Content Expert II to help with annotations, content generation, and data analysis. As part of the Data Team, you will be responsible for delivering high-quality training data to improve and expand Large Language Models&#39; (LLMs) capabilities. Job Description Key job responsibilities Creating and annotating high-quality complex training data in multiple modalities (text, image, video) on various topics, including technical or science-related content Writing grammatically correct texts in different styles with various degrees of creativity, strictly adhering to provided guidelines Performing audits and quality checks of tasks completed by other specialists, if required Making sound judgments and logical decisions when faced with ambiguous or incomplete information while performing tasks Diving deep into issues and implementing solutions independently Identifying and reporting tooling bugs and suggesting improvements A day in the life As an AI Content Expert, you will be responsible for creating training data that are complex in nature and will require you to make informed and high judgement decisions in each case. You will be working closely with scientists and engineers to review and update guidelines, identify tooling improvement opportunities, and engage in conversations regarding the quality of data. Qualifications BASIC QUALIFICATIONS High-School or equivalent diploma. Proven experience working with written language data, including experience with annotation, and other forms of data markup. Strong proficiency in Dutch and English. Candidate must demonstrate excellent writing, reading, and comprehension skills (C1 level in the Common European Framework CEFR scale). Strong understanding of Dutch and U.S.-based culture, society, and norms. Strong research skills to gather relevant information, understand complex topics, and synthesize multiple resources; understanding of basic academic integrity, i.e. plagiarism. Excellent attention to details and ability to focus for a long period of time Comfortable with high-school level STEM Ability to effectively write and evaluate diverse subject matter across various domains Ability to adapt writing style to suit various style guidelines and customers. Ability to adapt well to fast-paced environments with changing circumstances, direction, and strategy PREFERRED QUALIFICATIONS Bachelor’s degree in a relevant field or equivalent professional experience Experience with creating complex data for LLM training and evaluation Proven experience working with command line interfaces and basic UNIX commands Familiarity with common markup languages such as HTML, XML, Markdown Familiarity with common standard text formats such as JSON, CSV, RTF Working knowledge of Python or another scripting language Familiarity with regular expressions syntax- Familiarity with Large Language Models Comfort in annotation work that may include sensitive content Additional Information This is a Fixed term contract. About the team The team works strictly in the office Monday through Friday with an eight-hour shift. We are constantly looking for ways to improve our capabilities and deliver the best product possible. Diverse team, regular meetings, training, and Amazon events throughout the year await you. Equal opportunities employer. We believe passionately that employing a diverse workforce is central to our success. We make recruiting decisions based on your experience and skills.","https://jobs.smartrecruiters.com/JobsForHumanity/744000084560036-ai-content-expert-artificial-general-intelligence","smartrecruiters","2025-12-18T15:54:00.688355+00:00"
"544cb9656fc198e8e28092aac2b96f516cb2d05a185efdb4fb7ea944ce365623","PulsePoint Careers - AI Engineer (Remote, Non-U.S.)","Unknown","","AI Engineer (Remote, Non-U.S.) Technology Remote Apply Description AI Engineer Job Description About PulsePoint: PulsePoint is a fast-growing AdTech company using real-time data to transform healthcare. We help brands and agencies interpret the hard-to-read signals across their customers' health journey to produce the most complete view of the customer. Our award-winning platforms use machine learning to activate this data, enabling easy, instantaneous marketing, predictive analytics, and decision support. In this role, you will: Design, develop, and maintain LLM-based AI components to improve the efficiency of internal teams and user-facing communications, spanning from data retrieval to chat interfaces. Experiment and evaluate new frameworks, models, and architectures emerging in the area. Improve the underlying data infrastructure to address the challenges posed by LLM usage. Partner with cross-functional teams of analysts, software engineers, and user-facing departments to identify relevant use cases and design appropriate solutions. Contribute to the technical vision for the foundation of generative AI systems in PulsePoint. You will be a part of the Core Engineering team , which is responsible for the development and maintenance of the PulsePoint Exchange and Life Advertising platform: Handles hundreds of thousands of transactions per second, billions of times each month. Evaluates, selects, and optimizes ad-serving based on advanced statistics and machine learning. Returns responses collected from dozens of parties in milliseconds. Constantly evolves to meet market demands that change in days and weeks, not months/years. Factors thousands of data points in every serving decision. We’re small enough that you can own something and have a direct impact, but big enough that you don’t have to do it alone. We are flexible enough to accommodate your interests as they evolve and find the best application for your passion at the moment. The company and the team have a flat hierarchy, with technical management writing code and direct access to business, product, and operations. Lastly, our engineers have lots of empowerment and freedom of action (but we don’t water down our responsibilities or expectations). Basic Qualifications: Python experience, experience with basic data manipulation packages like numpy and pandas, solid SQL skills, and understanding TDD principles. Independence, initiative, commitment, and responsibility to what you have tamed. Excellent problem-solving and critical thinking: you will need to figure out your own mistakes, and sometimes not just yours, especially in such a new field. Note that we are not hiring in the U.S. for this role. Preferred Qualifications: Experience developing, delivering, and supporting AI and ML algorithms or technologies (e.g. LLM Inference, Embeddings, and VectorDBs, ranking algorithms, and time series analysis). Experience with k8s, as we are mostly self-hosted. Java & Python proficiency. Apply Apply Later ← Back to Current Openings Share LinkedIn Facebook Twitter Email Similar Jobs {{ job.title }}","https://jobs.jobvite.com/pulsepoint/job/oGSRyfwH","jobvite","2025-12-18T15:54:00.688355+00:00"
"ff612b9f3618685db1030f977ace1c65f2e3302d9c2bb71dfed57366497c7717","Funding Circle UK Careers","Unknown","","AI Platform Lead Data, Risk & Analytics London, United Kingdom Apply Description AI Platform Lead We are looking for an AI Platform Lead. Data is core to our mission at Funding Circle to build a better financial world as well as being our key asset that everyone across the organisation has a part to play in making sure that we look after it, allowing us to better support our customers. Our central data team lives in our Tech org and reports to the VP of Data. In order to strengthen our data maturity and become truly data driven we are committed to: Building a strong data culture where data is treated as an asset Empowering our circlers to become highly data fluent and confident self serve users Enhancing our world class data platform Creating data products across all domains Transforming our business with ML & AI Who are we? We’re Funding Circle. We back small businesses to succeed. At Funding Circle, we believe the world needs small businesses. That’s why we’ve made it our mission to help them get the finance they need to grow. With more than a decade of expertise under our belt, we’ve built a game-changer of a platform with cutting-edge data and technology that’s reshaping the landscape of SME lending. Say goodbye to lengthy applications and hello to lightning-fast decisions! In just minutes, SMEs across the UK can get a decision, giving them access to competitive funding in a flash. We know that good business is about good people. So we pride ourselves on providing meaningful, human support as well as fast, hassle free processes to deliver an unbeatable customer experience. The role You will be joining our AI and Machine Learning team (within our Data team), taking a pivotal role in building the platform that underpins Funding Circle's AI strategy and allows our existing GenAI applications to scale. This is a senior, hands-on technical role focused on enabling the development, deployment, and management of AI applications and agents across the business. Your responsibilities will include: Define and drive the technical strategy and roadmap for Funding Circle's AI platform, enabling the creation, deployment, and management of GenAI applications and agents. Architect, build, maintain cloud-based infrastructure for hosting and serving AI (ML and GenAI) models and applications. Develop and design tooling and frameworks to standardise AI development, implement systems for central discovery, monitoring, and governance of AI agents, and lead the technical evaluation and integration of third-party AI tools. Work closely with stakeholders (Product, Data Science, Engineering, Security, Legal) to ensure the platform meets business needs and embed Funding Circle's Responsible AI framework into the platform's design and operation. Act as a subject matter expert on AI platforms and infrastructure, establish best practices, share knowledge, potentially mentor other engineers, and stay current with the latest AI/ML technologies. Proactively problem solving, identifying and confidently mitigating any risks, issues or control weaknesses that arise in your day-to-day What we’re looking for Experience as an engineer within the AI space","https://jobs.jobvite.com/funding-circle-uk/job/ohgGwfwt","jobvite","2025-12-18T15:54:00.688355+00:00"
"f7cecb4b590d0a0da33c8195c19d22502121bd85393015fa8d028e286f985eb5","TechSmith Corporation Careers","Unknown","","Experienced Full Stack Software Engineer - AI - Hybrid or Full Remote Software Development East Lansing, Michigan Apply Description About TechSmith: {DEVELOP} with us At TechSmith, we make screen capture software and solutions that are perfect for anyone who wants to create and share images and videos for better training, tutorials, lessons and everyday communication.We are a home-grown, mid-sized company that has achieved global success. Our products, including Camtasia, Snagit, and Audiate, are used across the world, from individuals to Fortune 500 Companies. Everyone at TechSmith is valued and accessible. You are trusted and empowered to make decisions and get the job done. Everyone at TechSmith adds their own unique spice to our ever-changing culture. What will you bring to the mix? {DEVELOP} differently Come as you are. At TechSmith, it’s about the work you do, not what you wear. Our dress code is laid back so everyone is comfortable and can focus on what matters most —helping our customers stand out and share what they know. We’re all equal, really. Everyone at TechSmith is valued and accessible. Doors —and minds —are open. Your voice matters, not your title. Company leaders will know your name and are eager for your ideas. You are trusted and empowered to make decisions and get the job done. {DEVELOP} together As soon as you accept your role at TechSmith, you’re officially a “TechSmithie.” It’s like you’ve found your people —smart, fun, and slightly nerdy (OK, maybe a lot nerdy). Each TechSmithie adds their own unique spice to our ever-changing culture. What will you bring to the mix? Position Overview: As a Full Stack Software Engineer with a focus on AI at TechSmith, you will be putting your problem-solving skills and passion for developing great software to use every day. You will work within a team, building the systems that support our world-class software products in a fun, collaborative environment. The software that you create will be a part of our AI creative suite of tools that help TechSmith’s users to effortlessly bring their ideas to life. Your day-to-day responsibilities will include participating in an agile team, programming, estimating upcoming work, reviewing completed work with teammates, as well as other duties, as assigned. If you love technology and solving problems you will fit right in. At TechSmith, every individual can make a big impact, while working in a supportive team environment. As part of an agile team, you will have a voice in helping to decide what assignments the team tackles. While working directly with User Experience Designers and Technical Product Managers, you will help decide how to solve our customer’s requests. With the help of Software Test Specialists and your teammates, you will have the time and support to fully test your solutions and create quality work. Together with Systems Engineers, you will deploy and observe your services and applications. When you are not coding solutions for customer problems, you will have the time to advance your skills and your career with the help","https://jobs.jobvite.com/techsmith/job/odLKyfw0","jobvite","2025-12-18T15:54:00.688355+00:00"
"9f651274c0158cf55f82fd16462ee8276ce0f873df43eb84274feef56bfaba15","Careers – R&R partners","Unknown","","Welcome to Your Next Adventure This is where passion meets purpose and where your future begins. At R&R, we don’t just hire employees—we welcome innovators, problem-solvers and dreamers into a family where everyone is valued. Your unique perspective adds to our collective strength, and together, we tackle challenges with boldness and creativity. Imagine a career where you have the freedom to explore ideas, the support to thrive, and the tools to make an impact. From zero-premium medical benefits to remote work flexibility, we’ve designed an environment where you can do your best work—whether you’re brainstorming at your favorite coffee shop, collaborating with teams across disciplines or finding inspiration in the heart of Las Vegas. If you’re ready to make a difference, grow with a team that values your contributions and create work that truly matters, we’re here to welcome you with open arms. Let’s build something extraordinary—together.","https://jobs.jobvite.com/rrpartners/job/osmTyfwZ","jobvite","2025-12-18T15:54:00.688355+00:00"
"fca7d1ecb786bf03d33d89f938c117aa52fbb2e552480e05e344a104cf060e0e","PulsePoint Careers - (Sr.) Machine Learning Engineer, AdTech (Remote, International)","Unknown","","(Sr.) Machine Learning Engineer, AdTech (Remote, International) Technology Apply Description Function : Engineering, R&D → Data Science / Machine Learning / Operations Research About PulsePoint : PulsePoint is a fast-growing healthcare technology company (with adtech roots) using real-time data to transform healthcare. We help brands and agencies interpret the hard-to-read signals across the health journey and unify these digital determinants of health with real-world data to produce the most dimensional view of the customer. Our award-winning advertising platforms use machine learning and programmatic automation to seamlessly activate this data, making marketing, predictive analytics, and decision support easy and instantaneous. Sr. Machine Learning Engineer, AdTech As a member of our Data Science Engineering team, the Sr. Machine Learning Engineer, AdTech will focus on optimizing real-time bidding strategies and auction mechanics to efficiently spend ad budgets and deliver against campaign targets. In addition to the above, you will work with the greater Data Science/Engineering teams on: Analyzing and optimizing real-time bidding strategies and online auction mechanics; Developing new or improving existing models of event predictions; New feature engineering for multiple machine learning models: User embeddings and clustering; fraud detection, etc. Cross-device user identification, cookieless mechanisms development; Mining different data sources; Supporting existing codebase for data integration and production support for our core models. Location: anywhere in the world (End days at around 2pm EST) India, Netherlands, UK: we can hire as FTE Other countries: we can hire as long-term contractor Requirements: 5 years minimum of experience in machine learning/data science Key Skills: Python, Algorithms, Optimisation, NLP, Data Mining, Statistical Analysis, Neural Networks, Generalised Linear Regression, Multiclass Classification, Java, R Advanced knowledge of Python using standard DS packages (numpy/pandas/scikit, etc.); Being able to optimize and speed-up code. 3+ years of RTB Auction or similar online technologies. In addition to the above, you’ll need to have strong knowledge in the following areas: Algorithms and Data Structures (e.g., sorting, search tree, binary heap, trie; time & mem complexities of algorithms) Probability and Statistics (e.g., hypothesis testing; Markov process and its stationary distributions, stochastic matrix and its properties; Bayesian inference) ML & DS (e.g., dimensionality reduction, geometry of PCA / SVD and of L1 / L2 regularisation, Decision trees and their ensembles, collaborative filtering, Thompson sampling / MCMC, Neural Networks, etc.) Selection Process : 1) Initial Screening Call (30 mins) 2) Technical Pre-Screening Call with Principal Data Scientist (60 mins) 4) Team Interview (around 4-5 hours total) 5) WebMD/IB Sr. Tech Leader (30 mins) WebMD and its affiliates is an Equal Opportunity/Affirmative Action employer and does not discriminate on the basis of race, ancestry, color, religion, sex, gender, age, marital status, sexual orientation, gender identity, national origin, medical condition, disability, veterans status, or any other basis protected by law. Apply Apply Later ← Back to Current Openings Share LinkedIn Facebook Twitter Email Similar Jobs {{ job.title }}","https://jobs.jobvite.com/pulsepoint/job/ozc6wfw7","jobvite","2025-12-18T15:54:00.688355+00:00"
"fc2871d089161294a231e6753cbebf9e40538126c15264fb01a05b887fc6e2bf","SEGA Europe Limited Careers","Unknown","","Senior Software Engineer (Match AI) Programming Stratford (London), United Kingdom Apply Description Position at Sports Interactive JOB DESCRIPTION Job Title: Senior Software Engineer (Match AI) Team: Match Reporting into: Lead Engineer (Match AI) Working Model: Hybrid | Remote by exception Studio Overview We are Sports Interactive 🎮 The gaming studio behind: ⚽ Football Manager. Founded in 1994, Sports Interactive became a wholly owned subsidiary of SEGA Europe in 2006. Based at the Here East technology hub in Stratford, East London, the SI team continues to expand as we bring our titles to an ever-growing audience across an increasing variety of platforms. To support our growth, we welcome the opportunity to connect with passionate people with the drive to match our ambitions and initiative to realise your individual potential. Position Overview We are looking for a Senior Software Engineer to join our London based studio to enhance our match engine and help take our football match simulation to the next level. The match engine team are responsible for the technological advancements of our state-of-the-art in-house engine which simulates and visualises football matches. You will join a passionate and flourishing team who care deeply about the realism and visual quality of the match simulation in our games. As part of this team, you will be working on our match simulation engine and the supporting systems, which are used across multiple projects and products for producing realistic simulations of football matches. Your focus will be on improving the realism and performance of our match engine by, but not limited to, developing the AI decision making processes and you will be involved with researching and implementing the required technologies to achieve this goal. You will contribute and maintain the direction and realism of our Match Engine and the visual experiences within the match experience that our users have in our products, and you have input into the team specifically as well as the studio generally with the opportunity to voice your ideas and suggestions. Our match simulation engine is shared across multiple products and is a critical part of the games we make, and you will consider challenges involving the match experience across several platforms, including on mobile devices. We are looking for self-motivated people with good communication skills who can complete work independently as well as part of a team. Key Responsibilities Develop, extend, improve, and maintain our code base, workflows, and tools that support our football match simulation. Collaborate closely with our match AI, animation, art, graphics, UI and tools teams across the studio to continuously improve the look and feel of our match simulation. Design and implement complex systems and understand the impact on the wider match engine and experience. Analyse, identify, improve and fix complex issues in our match code base to maintain our deterministic engine. Work across multiple platforms and projects to ensure we deliver the best performance and experience to our customer base. Work closely with and iterate on our match engine, match features, and internal tools, to","https://jobs.jobvite.com/sega-europe-limited/job/oR0Yyfw7","jobvite","2025-12-18T15:54:00.688355+00:00"
"ad35db9d2e1886eca4647a4e3a2ff2531f72cb24b498d0cf42713b04e67baa84","AmeriSave Mortgage Corp. Careers","Unknown","","Chief Artificial Intelligence Officer Executive Management Remote , United States, United States Apply Description AmeriSave Mortgage Corporation has set the standard in online mortgage lending with over $130 billion in funded loan volume. As one of the top-rated, largest privately-owned online mortgage lenders in the nation, our mission is to deliver beneficial, responsible home lending solutions with unwavering integrity, dedication and excellence. We are committed to enhancing our digital presence and leveraging data-driven insights to drive our marketing strategies. Our employees are the driving force behind our success. We believe in the power of a dynamic and talented workforce and creating an environment where your contributions are not just recognized, they’re celebrated. Your success is our success, and we are seeking skilled professionals who are ready to bring their A-game, exceed benchmarks and enhance the overall excellence of AmeriSave, while also growing and advancing their careers. At AmeriSave, we're one team with one shared dream - to be the best. Let’s redefine excellence together! What We’re Looking For: AmeriSave is seeking a visionary and execution-driven Chief Artificial Intelligence Officer (CAIO) to lead the company’s transformation through Agentic AI and Generative AI. This executive will be responsible for architecting and scaling intelligent systems that not only automate but also reason, plan, and act autonomously across the mortgage lifecycle. As CAIO, you will define and execute a bold AI vision—leveraging Agentic AI to orchestrate complex workflows and Gen AI to enhance customer experience, streamline operations, and unlock new business models. You’ll lead a cross-functional team of AI researchers, engineers, and product leaders to deliver enterprise-grade, secure, and ethical AI solutions. What You’ll Do: Strategic Leadership: Develop and champion AmeriSave’s enterprise-wide strategy for Agentic AI and Generative AI. Identify and prioritize high-impact use cases where autonomous agents and Gen AI can drive measurable business outcomes. Partner with executive leadership to embed AI into core business functions including underwriting, servicing, fraud detection, and customer engagement. Agentic & Generative AI Innovation: Lead the design and deployment of Agentic AI systems capable of autonomous decision-making, multi-step task execution, and adaptive learning. Drive the adoption of Generative AI (e.g., LLMs, diffusion models) to power intelligent document processing, conversational interfaces, and content generation. Build and scale AI platforms that support orchestration, memory, tool use, and real-time feedback loops. Infrastructure & Talent: Oversee the development of robust AI infrastructure, including model pipelines, data governance, and observability. Recruit, mentor, and retain top-tier AI talent across research, engineering, and product disciplines. Change Management & Evangelism: Foster a culture of AI fluency and experimentation across the organization. Represent AmeriSave’s AI leadership externally—at conferences, in media, and with strategic partners. What You’ll Need: 10+ years of experience in AI/ML, with a strong focus on Agentic AI, LLMs, or Generative AI systems. Proven track record of deploying AI solutions at scale in regulated industries (e.g., fintech, banking, insurance). Deep expertise in AI architectures, orchestration frameworks (e.g., LangChain, AutoGen, CrewAI), and model fine-tuning. Strong understanding of AI safety, alignment, and governance principles. Exceptional leadership, communication,","https://jobs.jobvite.com/amerisavecareers/job/o2LLwfwO","jobvite","2025-12-18T15:54:00.688355+00:00"
"fffd7770a8749c89b82ac116c36892e2d1013248b546ac1a1d5f76b700e9daf8","Praxis Engineering Careers","Unknown","","Open Positions Search Current Opportunities Please check our open positions below. If you don’t see a position that is an exact fit, Submit your resume to Wanted – Excellent Praxineers and let us know how you can make a difference at Praxis Engineering. You can also sign up for job notification emails that will alert you when a position becomes available in your field of interest. Featured Jobs Software Integration Engineer Level 4 Sr Citrix/Windows Engineer Senior Systems Engineer - Telework Opportunity! Software Integration Engineer Level 2 Job Seeker Tools Sign up for email job alerts Submit your resume Check your application Search Category: Select an option AI/ML Configuration Management CyberSecurity Data Science High Performance Computing (HPC) Information Systems Security Engineer (ISSE) NextGen Software Engineering Solutions Engineer/Systems Architect System Administration System Engineering Technical Lead Location: Select an option Aberdeen, MD Annapolis Junction, MD Chantilly, VA College Park, MD Columbia, MD Ft. Meade, MD Herndon, VA HYBRID - Annapolis Junction, MD Laurel, MD Linthicum, MD McLean, VA Reston, VA Tysons Corner, VA Search Clear AI/ML Job listing Job location AI Engineer - Telework Oppty! Hybrid Remote , Annapolis Junction, MD Details Configuration Management Job listing Job location Senior Configuration Manager McLean, Virginia Details CyberSecurity Job listing Job location Offensive Cyber Full Stack Developer III Hybrid Remote , Annapolis Junction, Maryland Details Data Science Job listing Job location Data Scientist – Poly Clearance Required! McLean, Virginia Details High Performance Computing (HPC) Job listing Job location High Performance Computing Engineer - Mid-level McLean, Virginia Details Information Systems Security Engineer (ISSE) Job listing Job location ISSO/ISSE - Cyber Security Engineer - Poly clearance required! 5 Locations Details NextGen Job listing Job location Wanted - Excellent Praxineers 7 Locations Details Wanted - Excellent Praxineers 5 Locations Details Wanted - Excellent VA Praxineers! 5 Locations Details Software Engineering Job listing Job location DevOps Software Engineer Level 3 Annapolis Junction, Maryland Details DevOps Software Engineer Level 3 Annapolis Junction, Maryland Details Full Stack Software Engineer Hybrid Remote , Annapolis Junction, Maryland Details Software Engineer Level 2 Annapolis Junction, Maryland Details Software Engineer Level 3 Hybrid Remote , Annapolis Junction, MD Details Software Engineer- Poly clearance Required Annapolis Junction, Maryland Details Software Integration Engineer Level 2 Annapolis Junction, Maryland Details Software Integration Engineer Level 3 Annapolis Junction, Maryland Details Software Integration Engineer Level 4 Annapolis Junction, Maryland Details Solutions Engineer/Systems Architect Job listing Job location Solutions Engineer/Systems Architect - SME McLean, Virginia Details System Administration Job listing Job location Lead Windows Systems Administrator McLean, Virginia Details Sr Citrix/Windows Engineer McLean, Virginia Details Sr Windows Engineer McLean, Virginia Details System Engineering Job listing Job location Senior Systems Engineer - Telework Opportunity! Hybrid Remote , Annapolis Junction, MD Details Technical Lead Job listing Job location Technical Lead - Poly Clearance Required McLean, Virginia Details","https://jobs.jobvite.com/praxis-engineering/job/oE40yfw0","jobvite","2025-12-18T15:54:00.688355+00:00"
